"id","name","code","account_type","reconcile","non_trade"
"ao_1111","Terrenos em bruto","1111","asset_current","False",""
"ao_1112","Terrenos com arranjos","1112","asset_current","False",""
"ao_1113","Subsolo","1113","asset_current","False",""
"ao_11141","Relativos a edifícios industriais","11141","asset_current","False",""
"ao_11142","Relativos a edifícios administrativos e comerciais","11142","asset_current","False",""
"ao_11143","Relativos a outros edifícios","11143","asset_current","False",""
"ao_11211","Integrados em conjuntos industriais","11211","asset_current","False",""
"ao_11212","Integrados em conjuntos administrativos e comerciais","11212","asset_current","False",""
"ao_11213","Outros conjuntos industriais","11213","asset_current","False",""
"ao_11214","Implantados em propriedade alheia","11214","asset_current","False",""
"ao_1122","Outras construções","1122","asset_current","False",""
"ao_1123","Instalações","1123","asset_current","False",""
"ao_1131","Material industrial","1131","asset_current","False",""
"ao_1132","Ferramentas industriais","1132","asset_current","False",""
"ao_1133","Melhoramentos em equipamentos básicos","1133","asset_current","False",""
"ao_1141","Equipamentos de carga e transporte","1141","asset_current","False",""
"ao_1151","Equipamento administrativo","1151","asset_current","False",""
"ao_1161","Taras e vasilhame","1161","asset_current","False",""
"ao_1191","Outras Imobilizações Corpóreas","1191","asset_current","False",""
"ao_1211","Trespasses","1211","asset_current","False",""
"ao_1221","Despesas de investigação e desenvolvimento","1221","asset_current","False",""
"ao_1231","Propriedade industrial e outros direitos e contratos","1231","asset_current","False",""
"ao_1241","Despesas de constituição","1241","asset_current","False",""
"ao_1291","Outras Imobilizações Incorpóreas","1291","asset_current","False",""
"ao_1311","Partes de Capital","1311","asset_current","False",""
"ao_1312","Obrigações e Títulos de Participação","1312","asset_current","False",""
"ao_1313","Empréstimos","1313","asset_current","False",""
"ao_1321","Partes de Capital","1321","asset_current","False",""
"ao_1322","Obrigações e Títulos de Participação","1322","asset_current","False",""
"ao_1323","Empréstimos","1323","asset_current","False",""
"ao_1331","Partes de Capital","1331","asset_current","False",""
"ao_1332","Obrigações e Títulos de Participação","1332","asset_current","False",""
"ao_1333","Empréstimos","1333","asset_current","False",""
"ao_1341","Investimentos em Imóveis","1341","asset_current","False",""
"ao_1351","Fundos","1351","asset_current","False",""
"ao_1391","Diamantes","1391","asset_current","False",""
"ao_1392","Ouro","1392","asset_current","False",""
"ao_1393","Depósitos Bancários","1393","asset_current","False",""
"ao_1411","Obra em curso","1411","asset_current","False",""
"ao_1421","Obra em curso","1421","asset_current","False",""
"ao_1471","Adiantamentos por conta de imobilizado Corpóreo","1471","asset_current","False",""
"ao_1481","Adiantamentos por conta de imobilizado Incorpóreo","1481","asset_current","False",""
"ao_1491","Adiantamentos por conta de investimentos financeiros","1491","asset_current","False",""
"ao_1811","Terrenos e recursos naturais","1811","asset_current","False",""
"ao_1812","Edifícios e outras construções","1812","asset_current","False",""
"ao_1813","Equipamento básico","1813","asset_current","False",""
"ao_1814","Equipamento de carga e transporte","1814","asset_current","False",""
"ao_1815","Equipamento administrativo","1815","asset_current","False",""
"ao_1816","Taras e vasilhame","1816","asset_current","False",""
"ao_1819","Outras Imobilizações Corpóreas","1819","asset_current","False",""
"ao_1821","Trespasses","1821","asset_current","False",""
"ao_1822","Despesas de investigação e desenvolvimento","1822","asset_current","False",""
"ao_1823","Propriedade industrial e outros direitos e contratos","1823","asset_current","False",""
"ao_1824","Despesas de constituiçào","1824","asset_current","False",""
"ao_1829","Outras Imobilizações Incorpóreas","1829","asset_current","False",""
"ao_1831","Terrenos e recursos naturais","1831","asset_current","False",""
"ao_1832","edifícios e outras construções","1832","asset_current","False",""
"ao_1911","Partes de Capital","1911","asset_current","False",""
"ao_1912","Obrigações e Títulos de Participação","1912","asset_current","False",""
"ao_1913","Empréstimos","1913","asset_current","False",""
"ao_1921","Partes de Capital","1921","asset_current","False",""
"ao_1922","Obrigações e Títulos de Participação","1922","asset_current","False",""
"ao_1923","Empréstimos","1923","asset_current","False",""
"ao_1931","Partes de Capital","1931","asset_current","False",""
"ao_1932","Obrigações e Títulos de Participação","1932","asset_current","False",""
"ao_1933","Empréstimos","1933","asset_current","False",""
"ao_1941","Partes de Capital","1941","asset_current","False",""
"ao_1991","Diamantes","1991","asset_current","False",""
"ao_1992","Ouro","1992","asset_current","False","False"
"ao_1993","Depósitos Bancários","1993","asset_current","False","False"
"ao_2111","Matérias-primas, Subsidiárias e de Consumo","2111","expense","False","False"
"ao_2121","Aquisição mercadorias","2121","expense","False","False"
"ao_2171","Devoluções de Compras","2171","expense","False","False"
"ao_2181","Descontos e Abatimentos em Compras","2181","expense","False","False"
"ao_2191","Descontos Diversos","2191","expense","False","False"
"ao_2211","Matérias-primas","2211","expense","False","False"
"ao_2221","Matérias Subsidiárias","2221","expense","False","False"
"ao_2231","Materiais Diversos","2231","expense","False","False"
"ao_2241","Embalagens de Consumo","2241","expense","False","False"
"ao_2251","Outros materiais","2251","expense","False","False"
"ao_2311","Produtos e trabalhos em curso","2311","expense","False","False"
"ao_2321","Produtos e trabalhos em curso","2321","expense","False","False"
"ao_2411","Produtos acabados","2411","expense","False","False"
"ao_2421","Produtos Intermédios","2421","expense","False","False"
"ao_2491","Em poder de terceiros","2491","expense","False","False"
"ao_2511","Subprodutos","2511","expense","False","False"
"ao_2521","Desperdícios, Resíduos e Refugos","2521","expense","False","False"
"ao_2611","Mercadorias","2611","expense","False","False"
"ao_2621","Mercadorias","2621","expense","False","False"
"ao_2691","Em poder de terceiros","2691","expense","False","False"
"ao_2711","Matérias-primas","2711","expense","False","False"
"ao_2721","Outros materiais","2721","expense","False","False"
"ao_2731","Mercadorias","2731","expense","False","False"
"ao_2811","Matérias-primas e outros materiais","2811","expense","False","False"
"ao_2821","Mercadorias","2821","expense","False","False"
"ao_2911","Provisão para Depreciação de Existências","2911","expense","False","False"
"ao_2921","Matérias-primas, Subsidiárias e de Consumo","2921","expense","False","False"
"ao_2931","Produtos e trabalhos em curso","2931","expense","False","False"
"ao_2941","Produtos acabados e Intermédios","2941","expense","False","False"
"ao_2951","Subprodutos, Desperdícios, Resíduos e Refugos","2951","expense","False","False"
"ao_2961","Mercadorias","2961","expense","False","False"
"ao_31111","Subsidiárias","31111","asset_current","False","False"
"ao_31112","Associadas","31112","asset_current","False","False"
"ao_31121","Nacionais","31121","asset_receivable","True","False"
"ao_31122","Estrangeiros","31122","asset_receivable","True","False"
"ao_31211","Subsidiárias","31211","asset_current","False","False"
"ao_31212","Associadas","31212","asset_current","False","False"
"ao_31221","Nacionais","31221","asset_current","False","False"
"ao_31222","Estrangeiros","31222","asset_current","False","False"
"ao_31311","Subsidiárias","31311","asset_current","False","False"
"ao_31312","Associadas","31312","asset_current","False","False"
"ao_31321","Nacionais","31321","asset_current","False","False"
"ao_31322","Estrangeiros","31322","asset_current","False","False"
"ao_3181","Clientes - correntes","3181","asset_current","False","False"
"ao_3182","Clientes - Títulos","3182","asset_current","False","False"
"ao_3191","Adiantamentos","3191","asset_current","False","False"
"ao_3192","Embalagens a devolver","3192","asset_current","False","False"
"ao_3193","Material a Consignação","3193","asset_current","False","False"
"ao_32111","Subsidiárias","32111","liability_current","False","False"
"ao_32112","Associadas","32112","liability_current","False","False"
"ao_32121","Nacionais","32121","liability_payable","True","False"
"ao_32122","Estrangeiros","32122","liability_payable","True","False"
"ao_32211","Subsidiárias","32211","liability_current","False","False"
"ao_32212","Associadas","32212","liability_current","False","False"
"ao_32221","Nacionais","32221","liability_current","False","False"
"ao_32222","Estrangeiros","32222","liability_current","False","False"
"ao_3281","Fornecedores - Facturas em Recepção e Conferência","3281","liability_current","False",""
"ao_3291","Adiantamentos","3291","liability_current","False",""
"ao_3292","Embalagens a devolver","3292","liability_current","False",""
"ao_3293","Material a Consignação","3293","liability_current","False",""
"ao_33111","Banco","33111","liability_current","False",""
"ao_33121","Banco","33121","liability_current","False",""
"ao_33211","Entidade","33211","liability_current","False",""
"ao_33221","Entidade","33221","liability_current","False",""
"ao_3331","Entidade","3331","liability_current","False",""
"ao_3391","Entidade","3391","liability_current","False",""
"ao_3411","Imposto Corrente","3411","liability_current","False",""
"ao_3412","Pagamentos por conta","3412","liability_current","False",""
"ao_34131","Retenção na Fonte","34131","asset_current","False",""
"ao_3414","Imposto Estimado","3414","liability_current","False",""
"ao_3415","Imposto Liquidado","3415","liability_current","False",""
"ao_3416","Apuramento","3416","liability_current","False",""
"ao_3417","Imposto a Pagar","3417","liability_current","False",""
"ao_3418","Imposto a Recuperar","3418","asset_current","False",""
"ao_3421","Imposto de Consumo ...%","3421","liability_current","False",""
"ao_3422","Imposto de Consumo ...%","3422","liability_current","False",""
"ao_3431","Trabalhadores Dependentes","3431","liability_current","False",""
"ao_3432","Trabalhadores Independentes","3432","liability_current","False",""
"ao_3441","Taxa de Circulação","3441","liability_current","False",""
"ao_3451","INSS Conta do Trabalhador","3451","liability_current","False",""
"ao_3452","INSS Conta da Empresa","3452","liability_current","False",""
"ao_3471","Retenção na Fonte","3471","liability_current","False",""
"ao_3481","Subsídios a Preços","3481","liability_current","False",""
"ao_3491","Imposto de Selo","3491","liability_current","False",""
"ao_35111","C/Subscrição","35111","liability_current","False",""
"ao_35112","C/Adiatamentos sobre lucro","35112","liability_current","False",""
"ao_35113","C/Lucros","35113","liability_current","False",""
"ao_35114","Empréstimos","35114","liability_current","False",""
"ao_35121","C/Subscrição","35121","liability_current","False",""
"ao_35122","C/Adiantamentos sobre lucro","35122","liability_current","False",""
"ao_35123","C/Lucro","35123","liability_current","False",""
"ao_35124","C/Empréstimo","35124","liability_current","False",""
"ao_35131","C/Subscrição","35131","liability_current","False",""
"ao_35132","C/Adiantamentos sobre lucros","35132","liability_current","False",""
"ao_35133","C/Lucros","35133","liability_current","False",""
"ao_35134","Empréstimos","35134","liability_current","False",""
"ao_35141","C/Subscrição","35141","liability_current","False",""
"ao_35142","C/Adiatamentos sobre lucro","35142","liability_current","False",""
"ao_35143","C/Lucros","35143","liability_current","False",""
"ao_35144","Empréstimos","35144","liability_current","False",""
"ao_35211","C/Subscrição","35211","liability_current","False",""
"ao_35212","C/Adiatamentos sobre lucro","35212","liability_current","False",""
"ao_35213","C/Lucros","35213","liability_current","False",""
"ao_35214","Empréstimos","35214","liability_current","False",""
"ao_35221","C/Subscrição","35221","liability_current","False",""
"ao_35222","C/Adiantamentos sobre lucros","35222","liability_current","False",""
"ao_35223","C/Lucros","35223","liability_current","False",""
"ao_35224","Empréstimos","35224","liability_current","False",""
"ao_35231","C/Subscrição","35231","liability_current","False",""
"ao_35232","C/Adiantamentos sobre lucros","35232","liability_current","False",""
"ao_35233","C/Lucros","35233","liability_current","False",""
"ao_35234","Empréstimos","35234","liability_current","False",""
"ao_35241","C/Subscrição","35241","liability_current","False",""
"ao_35242","C/Adiantamentos sobre lucros","35242","liability_current","False",""
"ao_35243","C/Lucros","35243","liability_current","False",""
"ao_35244","Empréstimos","35244","liability_current","False",""
"ao_36111","Órgãos Sociais","36111","liability_current","False",""
"ao_36121","Empregados","36121","liability_current","False",""
"ao_36211","Órgãos Sociais","36211","liability_current","False",""
"ao_36221","Empregados","36221","liability_current","False",""
"ao_3631","Pessoal - adiantamentos","3631","liability_current","False",""
"ao_3691","Pessoal - outros","3691","liability_current","False",""
"ao_3711","Corpóreo","3711","liability_current","False",""
"ao_3712","Incorpóreo","3712","liability_current","False",""
"ao_3713","Financeiro","3713","liability_current","False",""
"ao_3721","Corpóreo","3721","liability_current","False",""
"ao_3722","Incorpóreo","3722","liability_current","False",""
"ao_3723","Financeiro","3723","liability_current","False",""
"ao_3731","Vendas","3731","liability_current","False",""
"ao_3732","Prestações de Serviços","3732","liability_current","False",""
"ao_3733","Juros","3733","liability_current","False",""
"ao_3741","Descontos de Emissão de Obrigações","3741","liability_current","False",""
"ao_3742","Descontos de Emissão de Títulos de Participação","3742","liability_current","False",""
"ao_3751","Remunerações","3751","liability_current","False",""
"ao_3752","Juros","3752","liability_current","False",""
"ao_3761","Prémios de Emissão de Obrigações","3761","liability_current","False",""
"ao_3762","Prémios de Emissão de Títulos de Participação","3762","liability_current","False",""
"ao_3763","Subsídios para investimento","3763","liability_current","False",""
"ao_3764","Diferenças de Câmbio Favoráveis Reversíveis","3764","liability_current","False",""
"ao_3771","Transacções entre a sede e as Dependências da Empresa","3771","liability_current","False",""
"ao_3791","Outros valores a receber e a pagar","3791","liability_current","False",""
"ao_38111","Grupo","38111","liability_current","False",""
"ao_38112","Não grupo","38112","liability_current","False",""
"ao_38121","Grupo","38121","liability_current","False",""
"ao_38122","Não Grupo","38122","liability_current","False",""
"ao_38131","Grupo","38131","liability_current","False",""
"ao_38132","Não grupo","38132","liability_current","False",""
"ao_3821","Provisões para saldos devedores de fornecedores","3821","liability_current","False",""
"ao_3831","Participantes","3831","liability_current","False",""
"ao_3832","Participadas","3832","liability_current","False",""
"ao_3841","Provisões p/ Dívidas do pessoal","3841","liability_current","False",""
"ao_3891","Vendas imobilizado","3891","liability_current","False",""
"ao_3911","Provisões para Pensões","3911","liability_current","False",""
"ao_3921","Provisões para processos judiciais em curso","3921","liability_current","False",""
"ao_3931","Provisões para acidentes de trabalho","3931","liability_current","False",""
"ao_3941","Provisões para garantias dadas a clientes","3941","liability_current","False",""
"ao_3991","Provisões para outros riscos e encargos","3991","liability_current","False",""
"ao_4111","Empresas do grupo","4111","asset_current","False","False"
"ao_4112","Associadas","4112","asset_current","False","False"
"ao_4113","Outras Empresas","4113","asset_current","False","False"
"ao_4121","Empresas do grupo","4121","asset_current","False","False"
"ao_4122","Associadas","4122","asset_current","False","False"
"ao_4123","Outras Empresas","4123","asset_current","False","False"
"ao_4131","Títulos da Dívida Pública","4131","asset_current","False","False"
"ao_4211","Banco","4211","asset_current","False","False"
"ao_4221","Banco","4221","asset_current","False","False"
"ao_4311","Banco","4311","asset_current","False","False"
"ao_4321","Banco","4321","asset_current","False","False"
"ao_4411","Banco","4411","asset_current","False","False"
"ao_4421","Banco","4421","asset_current","False","False"
"ao_4511","Caixa","4511","asset_current","False","False"
"ao_4521","Valores para depositar","4521","asset_current","False","False"
"ao_4531","Salários","4531","asset_current","False","False"
"ao_481","Banco","481","asset_current","False","False"
"ao_482","Banco","482","asset_current","False","False"
"ao_4911","Acções","4911","asset_current","False","False"
"ao_4912","Obrigações","4912","asset_current","False","False"
"ao_4913","Títulos da Dívida Pública","4913","asset_current","False","False"
"ao_4921","Outras Aplicações de tesouraria","4921","asset_current","False","False"
"ao_5211","Valor nominal","5211","liability_current","False","False"
"ao_5221","Descontos","5221","liability_current","False","False"
"ao_5231","Prémios","5231","liability_current","False","False"
"ao_530","Prémios de emissão","530","liability_current","False","False"
"ao_540","Prestações Suplementares","540","liability_current","False","False"
"ao_550","Reservas Legais","550","liability_current","False","False"
"ao_5611","Decreto-Lei Nº","5611","liability_current","False","False"
"ao_5612","Decreto-Lei Nº","5612","liability_current","False","False"
"ao_5621","Avaliação","5621","liability_current","False","False"
"ao_5622","Realização","5622","liability_current","False","False"
"ao_570","Reservas com fins especiais","570","liability_current","False","False"
"ao_580","Reservas Livres","580","liability_current","False","False"
"ao_6111","Mercado nacional","6111","income","False","False"
"ao_6112","Mercado estrangeiro","6112","income","False","False"
"ao_6121","Mercado nacional","6121","income","False",""
"ao_6122","Mercado estrangeiro","6122","income","False",""
"ao_6131","Mercado nacional","6131","income","False",""
"ao_6132","Mercado estrangeiro","6132","income","False",""
"ao_6141","Mercado nacional","6141","income","False",""
"ao_6142","Mercado estrangeiro","6142","income","False",""
"ao_6151","Subsídios a Preços","6151","income","False",""
"ao_6171","Mercado nacional","6171","income","False",""
"ao_6172","Mercado estrangeiro","6172","income","False",""
"ao_6181","Mercado nacional","6181","income","False",""
"ao_6182","Mercado estrangeiro","6182","income","False",""
"ao_6191","Transferência para Resultados Operacionais","6191","income","False",""
"ao_6211","Mercado nacional","6211","income","False",""
"ao_6212","Mercado estrangeiro","6212","income","False",""
"ao_6221","Mercado nacional","6221","income","False",""
"ao_6222","Mercado estrangeiro","6222","income","False",""
"ao_6281","Mercado nacional","6281","income","False",""
"ao_6282","Mercado estrangeiro","6282","income","False",""
"ao_6291","Transferência para Resultados Operacionais","6291","income","False",""
"ao_6311","Aluguer de equipamento","6311","income","False",""
"ao_6312","Cedência de pessoal","6312","income","False",""
"ao_6313","Cedência de energia","6313","income","False",""
"ao_6314","Estudos, projectos e Assistência Técnica","6314","income","False",""
"ao_6321","Royalties","6321","income","False",""
"ao_6331","Subsídios a Exploração","6331","income","False",""
"ao_6341","Subsídios a investimento","6341","income","False",""
"ao_6381","Outros proveitos e Ganhos Operacionais","6381","income","False",""
"ao_6391","Transferência para Resultados Operacionais","6391","income","False",""
"ao_6411","Income","6411","income","False",""
"ao_6421","Income","6421","income","False",""
"ao_6431","Produtos Intermédios","6431","income","False",""
"ao_6491","Transferência para Resultados Operacionais","6491","income","False",""
"ao_6511","Corpóreo","6511","income","False",""
"ao_6512","Incorpóreo","6512","income","False",""
"ao_6513","Financeiro","6513","income","False",""
"ao_6514","Em curso","6514","income","False",""
"ao_6521","Para encargos a repartir por Exercícios futuros","6521","income","False",""
"ao_6591","Transferência para Resultados Operacionais","6591","income","False",""
"ao_66111","Obrigações","66111","income","False",""
"ao_66113","Títulos de Participação","66113","income","False",""
"ao_66114","Empréstimos","66114","income","False",""
"ao_66119","Outros","66119","income","False",""
"ao_66121","Dívidas recebidas a Prestações","66121","income","False",""
"ao_66122","De Empréstimos a terceiros","66122","income","False",""
"ao_6614","De Aplicações de tesouraria","6614","income","False",""
"ao_6615","Descontos de Títulos","6615","income","False",""
"ao_6621","Realizadas","6621","income","False",""
"ao_6622","Não realizadas","6622","income","False",""
"ao_6631","Descontos de pronto pagamento obtidos","6631","income","False",""
"ao_6641","Rendimentos de investimentos em Imóveis","6641","income","False",""
"ao_6651","Acções/Quotas em outras Empresa","6651","income","False",""
"ao_6652","Acções/Quotas Incluídas nos fundos","6652","income","False",""
"ao_6653","Acções/Quotas Incluídas nos Títulos Negociáveis","6653","income","False",""
"ao_66611","Subsidiárias","66611","income","False",""
"ao_66612","Associadas","66612","income","False",""
"ao_66613","Outras Empresas","66613","income","False",""
"ao_66614","Imóveis","66614","income","False",""
"ao_66615","Fundos","66615","income","False",""
"ao_66619","Outros investimentos","66619","income","False",""
"ao_66620","Títulos Negociáveis","66620","income","False",""
"ao_66711","Subsidiárias","66711","income","False",""
"ao_66712","Associadas","66712","income","False",""
"ao_66713","Outras Empresas","66713","income","False",""
"ao_66714","Fundos","66714","income","False",""
"ao_66719","Outros investimentos","66719","income","False",""
"ao_66721","Títulos Negociáveis","66721","income","False",""
"ao_66722","Depósitos a prazo","66722","income","False",""
"ao_66723","Outros Depósitos","66723","income","False",""
"ao_66729","Outros investimentos","66729","income","False",""
"ao_6711","Subsidiárias","6711","income","False",""
"ao_6712","Associadas","6712","income","False",""
"ao_6791","Transferência para Resultados em filiais e associadas","6791","income","False",""
"ao_680111","Matérias-primas, Subsidiárias e de Consumo","680111","income","False",""
"ao_680112","Produtos e trabalhos em curso","680112","income","False",""
"ao_680113","Produtos acabados e Intermédios","680113","income","False",""
"ao_680114","Subprodutos; Desperdícios; Resíduos e Refugos","680114","income","False",""
"ao_680115","Mercadorias","680115","income","False",""
"ao_680121","Clientes","680121","income","False",""
"ao_680122","Clientes-Títulos a receber","680122","income","False",""
"ao_680123","Clientes-Cobranças Duvidosa","680123","income","False",""
"ao_680124","Saldos devedores de fornecedores","680124","income","False",""
"ao_680125","Participantes e participadas","680125","income","False",""
"ao_680126","Dívidas do pessoal","680126","income","False",""
"ao_680129","Outros saldos a receber","680129","income","False",""
"ao_680131","Pensões","680131","income","False",""
"ao_680132","Processos judiciais em curso","680132","income","False",""
"ao_680133","Acidentes de trabalho","680133","income","False",""
"ao_680134","Garantias dadas a clientes","680134","income","False",""
"ao_680139","Outros riscos e encargos","680139","income","False",""
"ao_68021","Imobilizações Corpóreas","68021","income","False",""
"ao_68022","Imobilizações Incorpóreas","68022","income","False",""
"ao_68031","Venda de Imobilizações Corpóreas","68031","income","False",""
"ao_68032","Venda de Imobilizações Incorpóreas","68032","income","False",""
"ao_68041","Sobras","68041","income","False",""
"ao_68051","Recuperação de Dívidas","68051","income","False",""
"ao_68061","Benefícios de penalidades contratuais","68061","income","False",""
"ao_68081","Descontinuidade de Operações","68081","income","False",""
"ao_68091","Alterações de Políticas Contabilísticas","68091","income","False",""
"ao_68101","Estimativa Impostos","68101","income","False",""
"ao_68102","Restituição de Impostos","68102","income","False",""
"ao_68111","Donativos","68111","income","False",""
"ao_68191","Transferência para Resultados não Operacionais","68191","income","False",""
"ao_6911","Ganhos resultantes de Catástrofes naturais","6911","income","False",""
"ao_6921","Ganhos resultantes de convulsões Políticas","6921","income","False",""
"ao_6931","Ganhos resultantes de Expropriações","6931","income","False",""
"ao_6941","Ganhos resultantes de sinistros","6941","income","False",""
"ao_6951","Subsídios","6951","income","False",""
"ao_6961","Anulação de passivos não Exigíveis","6961","income","False",""
"ao_6991","Transferência para Resultados Extraordinários","6991","income","False",""
"ao_7111","Matérias-primas","7111","expense","False",""
"ao_7121","Matérias Subsidiárias","7121","expense","False",""
"ao_7131","Materiais Diversos","7131","expense","False",""
"ao_7141","Embalagens de Consumo","7141","expense","False",""
"ao_7151","Outros materiais","7151","expense","False",""
"ao_7191","Transferência para Resultados Operacionais","7191","expense","False",""
"ao_7211","Ordenados","7211","expense","False",""
"ao_7213","Subsídio de Férias","7213","expense","False",""
"ao_7214","Subsídio de Natal","7214","expense","False",""
"ao_7215","Subsídio de Alimentação","7215","expense","False",""
"ao_7216","Subsídio de Transporte","7216","expense","False",""
"ao_7217","Horas Extra / Prémios","7217","expense","False",""
"ao_7218","Outros","7218","expense","False",""
"ao_7221","Ordenados","7221","expense","False",""
"ao_7223","Subsídio de Férias","7223","expense","False",""
"ao_7224","Subsídio de Natal","7224","expense","False",""
"ao_7225","Subsídio de Alimentação","7225","expense","False",""
"ao_7226","Subsídio de Transporte","7226","expense","False",""
"ao_7227","Horas Extra / Prémios","7227","expense","False",""
"ao_7228","Outros","7228","expense","False",""
"ao_7231","Órgãos sociais","7231","expense","False",""
"ao_7232","Pessoal","7232","expense","False",""
"ao_7241","Órgãos sociais","7241","expense","False",""
"ao_7242","Pessoal","7242","expense","False",""
"ao_7251","Órgãos sociais","7251","expense","False",""
"ao_7252","Pessoal","7252","expense","False",""
"ao_7261","Órgãos sociais","7261","expense","False",""
"ao_7262","Pessoal","7262","expense","False",""
"ao_7271","Órgãos sociais","7271","expense","False",""
"ao_7272","Pessoal","7272","expense","False",""
"ao_7281","Órgãos socias","7281","expense","False",""
"ao_7282","Pessoal","7282","expense","False",""
"ao_7291","Transferência para Resultados Operacionais","7291","expense","False",""
"ao_7312","edifícios e outras construções","7312","expense","False",""
"ao_7313","Equipamento básico","7313","expense","False",""
"ao_7314","Equipamento de carga e transporte","7314","expense","False",""
"ao_7315","Equipamento administrativo","7315","expense","False",""
"ao_7316","Taras e vasilhame","7316","expense","False",""
"ao_7319","Outras Imobilizações Corpóreas","7319","expense","False",""
"ao_7321","Trespasses","7321","expense","False",""
"ao_7322","Despesas de investigaçào e desenvolvimento","7322","expense","False",""
"ao_7323","Propriedade industrial e outros direitos e contratos","7323","expense","False",""
"ao_7324","Despesas de constituiçào","7324","expense","False",""
"ao_7329","Outras Imobilizações Incorpóreas","7329","expense","False",""
"ao_7391","Transferência para Resultados Operacionais","7391","expense","False",""
"ao_7511","Subcontratos","7511","expense","False",""
"ao_75211","Água","75211","expense","False",""
"ao_75212","Eletricidade","75212","expense","False",""
"ao_75213","Comsbutíveis e Outros Fluídos","75213","expense","False",""
"ao_75214","Conservação e Reparação","75214","expense","False",""
"ao_75215","Material de Protecção, Segurança e Conforto","75215","expense","False",""
"ao_75216","Ferramentas e Utensílios de Desgaste Rápido","75216","expense","False",""
"ao_75217","Material de Escritório","75217","expense","False",""
"ao_75218","Livros e Documentação Técnica","75218","expense","False",""
"ao_752191","Outros fornecimentos","752191","expense","False",""
"ao_75220","Comunicações","75220","expense","False",""
"ao_75221","Rendas e alugueres","75221","expense","False",""
"ao_75222","Seguros","75222","expense","False",""
"ao_75223","Deslocações e Estadas","75223","expense","False",""
"ao_75224","Despesas de Representação","75224","expense","False",""
"ao_75226","Conservação e Reparação","75226","expense","False",""
"ao_75227","Vigilância e Segurança","75227","expense","False",""
"ao_75228","Limpeza, higiene e conforto","75228","expense","False",""
"ao_75229","Publicidade e propaganda","75229","expense","False",""
"ao_75230","Contencioso e notariado","75230","expense","False",""
"ao_75231","Comissões a Intermediários","75231","expense","False",""
"ao_752321","Estrangeira","752321","expense","False",""
"ao_752322","Nacional","752322","expense","False",""
"ao_75233","Trabalhos executados no exterior","75233","expense","False",""
"ao_75234","Honorários e Avenças","75234","expense","False",""
"ao_75235","Royalties","75235","expense","False",""
"ao_752391","Outros Serviços","752391","expense","False",""
"ao_75311","Imposto de selo","75311","expense","False",""
"ao_75319","Outros Impostos","75319","expense","False",""
"ao_75321","Impostos de capitais","75321","expense","False",""
"ao_75322","Contribuição predial","75322","expense","False",""
"ao_75329","Outros Impostos","75329","expense","False",""
"ao_7541","Despesas confidenciais","7541","expense","False",""
"ao_7551","Quotizações","7551","expense","False",""
"ao_7561","Ofertas e amostras de Existências","7561","expense","False",""
"ao_7581","Outros custos e Perdas Operacionais","7581","expense","False",""
"ao_7591","Transferência para Resultados Operacionais","7591","expense","False",""
"ao_76111","Bancários","76111","expense","False",""
"ao_76112","Obrigações","76112","expense","False",""
"ao_76113","Títulos de Participação","76113","expense","False",""
"ao_76121","De descobertos Bancários","76121","expense","False",""
"ao_76131","De mora relativos a Dívidas a terceiros","76131","expense","False",""
"ao_76141","De desconto de Títulos","76141","expense","False",""
"ao_7621","Realizadas","7621","expense","False",""
"ao_7622","Não realizadas","7622","expense","False",""
"ao_7631","Descontos de pronto pagamento concedidos","7631","expense","False",""
"ao_7641","Amortizações de investimentos em Imóveis","7641","expense","False",""
"ao_76511","Subsidiárias","76511","expense","False",""
"ao_76512","Associadas","76512","expense","False",""
"ao_76513","Outras Empresas","76513","expense","False","False"
"ao_76514","Fundos","76514","expense","False","False"
"ao_76519","Outros investimentos","76519","expense","False","False"
"ao_76521","Títulos Negociáveis","76521","expense","False","False"
"ao_76522","Depósitos a prazo","76522","expense","False","False"
"ao_76523","Outros Depósitos","76523","expense","False","False"
"ao_76529","Outros","76529","expense","False","False"
"ao_76611","Subsidiárias","76611","expense","False","False"
"ao_76612","Associadas","76612","expense","False","False"
"ao_76613","Outras Empresas","76613","expense","False","False"
"ao_76614","Fundos","76614","expense","False","False"
"ao_76619","Outros investimentos","76619","expense","False","False"
"ao_76621","Aplicações de Títulos Negociáveis","76621","expense","False","False"
"ao_7671","Serviços Bancários","7671","expense","False","False"
"ao_7691","Serviços Bancários","7691","expense","False","False"
"ao_7791","Transferência para Resultados financeiros","7791","expense","False","False"
"ao_780111","Matérias-primas, Subsidiárias e de Consumo","780111","expense","False","False"
"ao_780112","Produtos e trabalhos em curso","780112","expense","False","False"
"ao_780113","Produtos acabados e Intermédios","780113","expense","False","False"
"ao_780114","Subprodutos, Desperdícios, Resíduos e Refugos","780114","expense","False","False"
"ao_780115","Mercadorias","780115","expense","False","False"
"ao_780121","Clientes","780121","expense","False","False"
"ao_780122","Clientes-Títulos a receber","780122","expense","False","False"
"ao_780123","Clientes-Cobranças Duvidosa","780123","expense","False","False"
"ao_780124","Saldos devedores de fornecedores","780124","expense","False","False"
"ao_780125","Participantes e participadas","780125","expense","False","False"
"ao_780126","Dívidas do pessoal","780126","expense","False","False"
"ao_780129","Outros saldos a receber","780129","expense","False","False"
"ao_780131","Pensões","780131","expense","False","False"
"ao_780132","Processos judiciais em curso","780132","expense","False","False"
"ao_780133","Acidentes de trabalho","780133","expense","False","False"
"ao_780134","Garantias dadas a clientes","780134","expense","False","False"
"ao_780139","Outros riscos e encargos","780139","expense","False","False"
"ao_78021","Imobilizações Corpóreas","78021","expense","False","False"
"ao_78022","Imobilizações Incorpóreas","78022","expense","False","False"
"ao_78031","Vendas de Imobilizações Corpóreas","78031","expense","False","False"
"ao_78032","Vendas de Imobilizações Incorpóreas","78032","expense","False","False"
"ao_78033","Abates","78033","expense","False","False"
"ao_78039","Outras","78039","expense","False","False"
"ao_78041","Quebras","78041","expense","False","False"
"ao_78051","Quebras","78051","expense","False","False"
"ao_78061","Fiscais","78061","expense","False","False"
"ao_78062","Não fiscais","78062","expense","False","False"
"ao_78063","Penalidades contratuais","78063","expense","False","False"
"ao_78071","Custos de Reestruturação","78071","expense","False","False"
"ao_78081","Descontinuidade de Operações","78081","expense","False","False"
"ao_78091","Alterações de Políticas Contabilísticas","78091","expense","False","False"
"ao_78101","Estimativa Impostos","78101","expense","False","False"
"ao_78111","Donativos","78111","expense","False","False"
"ao_78112","Reembolso de Subsídios à Exploração","78112","expense","False","False"
"ao_78113","Reembolso de Subsídios a investimentos","78113","expense","False","False"
"ao_78191","Transferência para Resultados não Operacionais","78191","expense","False","False"
"ao_7911","Perdas resultantes de Catástrofes naturais","7911","expense","False","False"
"ao_7921","Perdas resultantes de convulções politicas","7921","expense","False","False"
"ao_7931","Perdas resultantes de Expropriações","7931","expense","False","False"
"ao_7941","Perdas resultantes de sinistros","7941","expense","False","False"
"ao_7991","Transferência para Resultados Extraordinários","7991","expense","False","False"
"ao_8111","Resultado do ano","8111","liability_current","False","False"
"ao_8112","Aplicação de Resultados","8112","liability_current","False","False"
"ao_8113","Correcções de erros fundamentais, no Exercício Seguinte","8113","liability_current","False","False"
"ao_8114","Efeito das Alterações de Políticas Contabilísticas","8114","liability_current","False","False"
"ao_8115","Imposto Relativo a Correcções de erros fundamentais e Alterações de Politicas Contabilísticas","8115","liability_current","False","False"
"ao_8121","Resultado do ano","8121","liability_current","False","False"
"ao_8122","Aplicação de Resultados","8122","liability_current","False","False"
"ao_8123","Correcções de Erros Fundamentais, no Exercício seguinte","8123","liability_current","False","False"
"ao_8124","Efeito das Alteracções de Políticas Contabilísticas","8124","liability_current","False","False"
"ao_8125","Imposto Relativo a Correcções de Erros Fundamentais e Alterações de Políticas Contabilísticas","8125","liability_current","False","False"
"ao_8201","Vendas","8201","liability_current","False","False"
"ao_8202","Prestações de Serviços","8202","liability_current","False","False"
"ao_8203","Outros proveitos Operacionais","8203","liability_current","False","False"
"ao_8204","Variação nos inventários de produtos acabados e produtos em vias de fabrico","8204","liability_current","False","False"
"ao_8205","Trabalho para própria Empresa","8205","liability_current","False","False"
"ao_8206","Custo das mercadorias vendidas e das Matérias consumidas","8206","liability_current","False","False"
"ao_8207","Custo com o pessoal","8207","liability_current","False","False"
"ao_8208","Amortizações do Exercício","8208","liability_current","False","False"
"ao_8209","Outros custos Operacionais","8209","liability_current","False","False"
"ao_8219","Transferência para Resultados líquidos","8219","liability_current","False","False"
"ao_8301","Proveitos e Ganhos financeiros gerais","8301","liability_current","False","False"
"ao_8302","Custos e Perdas financeiros gerais","8302","liability_current","False","False"
"ao_8309","Transferência para Resultados líquidos","8309","liability_current","False","False"
"ao_8401","Proveitos e Ganhos em filiais e associadas","8401","liability_current","False","False"
"ao_8402","Custos e Perdas em filiais e associadas","8402","liability_current","False","False"
"ao_8409","Transferência para Resultados líquidos","8409","liability_current","False","False"
"ao_8501","Proveitos e Ganhos não Operacionais","8501","liability_current","False","False"
"ao_8502","Custos e Perdas não Operacionais","8502","liability_current","False","False"
"ao_8509","Transferência para Resultados líquidos","8509","liability_current","False","False"
"ao_8601","Proveitos e Ganhos Extraordinários","8601","liability_current","False","False"
"ao_8602","Custos e Perdas Extraordinários","8602","liability_current","False","False"
"ao_8609","Transferência para Resultados líquidos","8609","liability_current","False","False"
"ao_8701","Imposto sobre os Resultados correntes","8701","liability_current","False","False"
"ao_8702","Imposto sobre os Resultados Extraordinários","8702","liability_current","False","False"
"ao_8709","Transferência para Resultados líquidos","8709","liability_current","False","False"
"ao_8801","Resultados Operacionais","8801","liability_current","False","False"
"ao_8802","Resultados financeiros gerais","8802","liability_current","False","False"
"ao_8803","Resultados em filiais e associadas","8803","liability_current","False","False"
"ao_8804","Resultados não Operacionais","8804","liability_current","False","False"
"ao_8805","Imposto sobre os Resultados correntes","8805","liability_current","False","False"
"ao_8806","Resultados Extraordinários","8806","liability_current","False","False"
"ao_8807","Imposto sobre Resultados Extraordinários","8807","liability_current","False","False"
"ao_8808","Imposto sobre Rendimento","8808","liability_current","False","False"
"ao_8809","Transferência para Resultados Transitados","8809","liability_current","False","False"
"ao_8909","Transferência para Resultados Transitados","8909","liability_current","False","False"